id,product,brand,manufacturer,location,review
P001,Apple iPhone 14,Apple,Apple Inc.,USA,Apple's latest Apple iPhone 14 is now available in USA. Apple Inc. has a strong presence in USA.
P002,Samsung Galaxy S23,Samsung,Samsung Electronics,South Korea,Samsung's latest Samsung Galaxy S23 is now available in South Korea. Samsung Electronics has a strong presence in South Korea.
P003,Sony WH-1000XM5,Sony,Sony Corporation,Japan,Sony's latest Sony WH-1000XM5 is now available in Japan. Sony Corporation has a strong presence in Japan.
P004,Microsoft Surface Laptop 5,Microsoft,Microsoft Corp.,USA,Microsoft's latest Microsoft Surface Laptop 5 is now available in USA. Microsoft Corp. has a strong presence in USA.
P005,Google Pixel 7,Google,Google LLC,USA,Google's latest Google Pixel 7 is now available in USA. Google LLC has a strong presence in USA.
P006,Dell XPS 13,Dell,Dell Technologies,USA,Dell's latest Dell XPS 13 is now available in USA. Dell Technologies has a strong presence in USA.
P007,HP Spectre x360,HP,Hewlett-Packard,USA,HP's latest HP Spectre x360 is now available in USA. Hewlett-Packard has a strong presence in USA.
P008,Lenovo ThinkPad X1 Carbon,Lenovo,Lenovo Group,China,Lenovo's latest Lenovo ThinkPad X1 Carbon is now available in China. Lenovo Group has a strong presence in China.
P009,Bose QuietComfort 45,Bose,Bose Corporation,USA,Bose's latest Bose QuietComfort 45 is now available in USA. Bose Corporation has a strong presence in USA.
P010,Apple MacBook Pro 16,Apple,Apple Inc.,USA,Apple's latest Apple MacBook Pro 16 is now available in USA. Apple Inc. has a strong presence in USA.
P011,Samsung Odyssey G7,Samsung,Samsung Electronics,South Korea,Samsung's latest Samsung Odyssey G7 is now available in South Korea. Samsung Electronics has a strong presence in South Korea.
P012,Razer Blade 15,Razer,Razer Inc.,USA,Razer's latest Razer Blade 15 is now available in USA. Razer Inc. has a strong presence in USA.
P013,Acer Predator Helios 300,Acer,Acer Inc.,Taiwan,Acer's latest Acer Predator Helios 300 is now available in Taiwan. Acer Inc. has a strong presence in Taiwan.
P014,Asus ROG Zephyrus G14,Asus,AsusTek,Taiwan,Asus's latest Asus ROG Zephyrus G14 is now available in Taiwan. AsusTek has a strong presence in Taiwan.
P015,Nvidia GeForce RTX 4080,Nvidia,Nvidia Corporation,USA,Nvidia's latest Nvidia GeForce RTX 4080 is now available in USA. Nvidia Corporation has a strong presence in USA.
P016,Sony PlayStation 5,Sony,Sony Interactive Entertainment,Japan,Sony's latest Sony PlayStation 5 is now available in Japan. Sony Interactive Entertainment has a strong presence in Japan.
P017,Microsoft Xbox Series X,Microsoft,Microsoft Corp.,USA,Microsoft's latest Microsoft Xbox Series X is now available in USA. Microsoft Corp. has a strong presence in USA.
P018,Apple AirPods Pro,Apple,Apple Inc.,USA,Apple's latest Apple AirPods Pro is now available in USA. Apple Inc. has a strong presence in USA.
P019,Samsung Galaxy Buds Pro,Samsung,Samsung Electronics,South Korea,Samsung's latest Samsung Galaxy Buds Pro is now available in South Korea. Samsung Electronics has a strong presence in South Korea.
P020,Jabra Elite 85t,Jabra,GN Netcom,Denmark,Jabra's latest Jabra Elite 85t is now available in Denmark. GN Netcom has a strong presence in Denmark.
